"","species","ppt_threshold"
"1","abieconc",1214.67891794587
"2","abiemagn",1244.31685338033
"3","pinulamb",1203.7509092377
"4","pinupond",1032.12199302038
"5","pinusabi",824.881239378259
"6","pseumenz",1292.45665660693
